filename,FLOPs,Unit
AbstractFactory.java,1.869G,85.132M
DPAbstractFactory.java,5.776G,85.132M
FactoryNotebookGamer.java,3.567G,85.132M
FactoryNotebookOfficeW.java,3.567G,85.132M
FactoryProvider.java,7.135G,85.132M
Notebook.java,1.444G,85.132M
NotebookGamer.java,3.992G,85.132M
NotebookOfficeW.java,4.162G,85.132M
Annotation.java,14.354G,85.132M
AnnotationOption.java,9.003G,85.132M
BestMatchResponse.java,9.258G,85.132M
Category.java,18.601G,85.132M
CreateResponse.java,10.022G,85.132M
DeleteResponse.java,4.841G,85.132M
GeocoderRequest.java,32.360G,85.132M
GeocoderResponse.java,12.571G,85.132M
Posting.java,103.281G,85.132M
PostingHistory.java,16.308G,85.132M
SearchRequest.java,113.898G,85.132M
SearchResponse.java,20.979G,85.132M
Source.java,22.508G,85.132M
SummaryRequest.java,15.119G,85.132M
SummaryResponse.java,12.061G,85.132M
UpdateResponse.java,4.841G,85.132M
Utils.java,11.466G,85.132M
Animal.java,31.341G,85.132M
Car.java,89.182G,85.132M
Computer.java,65.655G,85.132M
DataBase.java,25.141G,85.132M
Document.java,32.615G,85.132M
Furniture.java,46.884G,85.132M
GUI.java,43.996G,85.132M
Restaurant.java,49.007G,85.132M
JobSchedulerFacade.java,88.077G,85.132M
RemoteJMXBrokerFacade.java,88.077G,85.132M
SingletonBrokerFacade.java,88.077G,85.132M
AbstractAdapter.java,16.478G,85.132M
ChemvantageAdapter.java,11.127G,85.132M
IBasicLTIAdapter.java,3.652G,85.132M
NoteflightAdapter.java,10.957G,85.132M
PeoplesoftAdapter.java,14.779G,85.132M
SakaiAdapter.java,22.423G,85.132M
StandardAdapter.java,10.787G,85.132M
WikispacesAdapter.java,11.297G,85.132M
WimbaAdapter.java,14.949G,85.132M
a.java,53.254G,85.132M
b.java,24.292G,85.132M
Calculator.java,24.292G,85.132M
ILightningPhone.java,53.254G,85.132M
AddEntityMemento.java,6.285G,85.132M
TransactionAwareSingleton.java,53.934G,85.132M
ElementPrototype.java,279.265G,85.132M
ElementPrototypeTest.java,279.265G,85.132M
ProxyServlet.java,43.742G,85.132M
AdminUserEmailEventHandlerSingletons.java,64.805G,85.132M
AllMotionRectanglesResultsCacheSingleton.java,29.897G,85.132M
BufferedImagePoolSingleton.java,27.434G,85.132M
ConsolidatedMotionRectanglesResultsCacheSingleton.java,30.237G,85.132M
ConstrainedMotionRectanglesResultsCacheSingleton.java,27.349G,85.132M
CurrentlyPressedTouchButtonSingleton.java,23.782G,85.132M
DisplayInfoSingleton.java,291.581G,85.132M
GameConfigurationPersistanceSingleton.java,8.239G,85.132M
GameConfigurationSingleton.java,18.091G,85.132M
GamePersistanceSingleton.java,7.474G,85.132M
HighScoreNamePersistanceSingleton.java,77.546G,85.132M
ImageComparisonResultCacheSingleton.java,26.330G,85.132M
InputAutomationModuleConfigurationsSingletonFactory.java,6.540G,85.132M
KeySingletonFactory.java,195.180G,85.132M
LicenseInterfaceSingleton.java,8.579G,85.132M
MakeCountedPartsSingletonArrayFactory.java,41.448G,85.132M
NoGameNotificationHudSingleton.java,28.368G,85.132M
NullHighScoresSingletonFactory.java,7.559G,85.132M
PrimitiveLongSingleton.java,29.812G,85.132M
ProcessPaintableSingletonFactory.java,5.861G,85.132M
RemoteErrorHighScoresSingletonFactory.java,7.729G,85.132M
SmallIntegerSingletonFactory.java,44.676G,85.132M
StoreAdminUserEmailEventHandlerSingletons.java,68.542G,85.132M
TestingInputSingleton.java,83.236G,85.132M
UploadMediaSingleton.java,87.993G,85.132M
UserEmailEventHandlerSingletons.java,69.137G,85.132M
Adaptee.java,3.567G,85.132M
AdapterClass.java,4.587G,85.132M
AdapterObject.java,7.220G,85.132M
Analytics.java,1.954G,85.132M
Client.java,1.699G,85.132M
ExternalMessageProtocol.java,5.776G,85.132M
IMessageProtocol.java,2.378G,85.132M
Main.java,5.011G,85.132M
Mainn.java,6.625G,85.132M
MessageProtocol.java,4.162G,85.132M
MessageProtocolAdapter.java,10.532G,85.132M
Messenger.java,8.324G,85.132M
ApacheHCHttpCommandExecutorServiceModule.java,118.314G,85.132M
ConnectionPoolCommandExecutorServiceModule.java,20.300G,85.132M
NioTransformingHttpCommandExecutorServiceModule.java,188.555G,85.132M
FFMPEGPrototype.java,58.180G,85.132M
FacebookEventObserver.java,59.200G,85.132M
TwitterEventObserver.java,59.200G,85.132M
MockBillingObserver.java,14.609G,85.132M
ResourceDecorator.java,84.765G,85.132M
TaskAdapter.java,59.370G,85.132M
TimeoutObserver.java,1.869G,85.132M
TypeAdapter.java,4.332G,85.132M
EventObserver.java,67.608G,85.132M
ObserverImpl.java,66.334G,85.132M
AIPFactory.java,6.880G,85.132M
AIPFactoryImpl.java,43.147G,85.132M
SRMFactory.java,8.069G,85.132M
SRMFactoryImpl.java,50.791G,85.132M
StatechartFactory.java,6.880G,85.132M
StatechartFactoryImpl.java,44.676G,85.132M
SUCFactory.java,7.050G,85.132M
SUCFactoryImpl.java,70.156G,85.132M
SpringPrototypeAggregateFactory.java,93.343G,85.132M
AbstractAdapter.java,16.478G,85.132M
BasicLTIAdapterFactory.java,14.014G,85.132M
ChemvantageAdapter.java,11.127G,85.132M
IBasicLTIAdapter.java,3.652G,85.132M
NoteflightAdapter.java,10.957G,85.132M
PeoplesoftAdapter.java,14.779G,85.132M
SakaiAdapter.java,22.423G,85.132M
StandardAdapter.java,10.787G,85.132M
WikispacesAdapter.java,11.297G,85.132M
WimbaAdapter.java,14.949G,85.132M
ProxyFactory.java,8.239G,85.132M
FluxFacade.java,258.881G,85.132M
BioSQLRichObjectBuilder.java,153.647G,85.132M
ExceptionMemento.java,13.505G,85.132M
SearchBuilder.java,3.822G,85.132M
SequenceBuilder.java,4.587G,85.132M
SequenceBuilderFactory.java,1.699G,85.132M
SimpleAssemblyBuilder.java,39.665G,85.132M
URLFactory.java,2.548G,85.132M
AbstractFacade.java,14.099G,85.132M
FluxFacade.java,14.099G,85.132M
PlayerFacade.java,14.099G,85.132M
QuizFacade.java,14.099G,85.132M
Memento.java,107.867G,85.132M
MementoBuilder.java,25.226G,85.132M
MementoElement.java,128.336G,85.132M
IObserver.java,2.039G,85.132M
ISubject.java,3.907G,85.132M
AppHistoryObserver.java,110.925G,85.132M
amp.java,24.886G,85.132M
BuilderProxy.java,24.886G,85.132M
BuilderProxyClient.java,76.356G,85.132M
BuildersProxy.java,24.886G,85.132M
Copie.java,17.836G,85.132M
CoreP.java,55.038G,85.132M
CoreProxy.java,55.038G,85.132M
CoreProxyClient.java,119.588G,85.132M
EnergyProxy.java,25.566G,85.132M
EnergyProxyC.java,10.617G,85.132M
EnergyProxyClient.java,10.617G,85.132M
FactoryProxy.java,15.543G,85.132M
FactoryProxyClient.java,53.254G,85.132M
SiliconProxy.java,10.532G,85.132M
SiliconProxyClient.java,17.836G,85.132M
Transport.java,37.287G,85.132M
TransportProxy.java,37.287G,85.132M
TransportProxyClient.java,28.368G,85.132M
xttt.java,76.356G,85.132M
BuilderPattern.java,33.040G,85.132M
User.java,29.982G,85.132M
SimpleXmlMemento.java,128.252G,85.132M
PrototypeBrickAdapter.java,17.497G,85.132M
DefaultWidgetFactory.java,56.906G,85.132M
SingletonFaultFactory.java,27.689G,85.132M
TextPaneViewFactory.java,11.551G,85.132M
WidgetFactory.java,13.505G,85.132M
BreakpointAdapterFactory.java,15.968G,85.132M
ClojureBuilder.java,146.173G,85.132M
ClojureCore.java,464.508G,85.132M
ClojureLineBreakpointAdapter.java,124.599G,85.132M
ClojureVisitor.java,129.186G,85.132M
LeiningenBuilder.java,52.830G,85.132M
ELVisitor.java,300.329G,85.132M
EmptyAnnotationValueVisitor.java,79.244G,85.132M
LibraryCompilerWrapper.java,20.300G,85.132M
RendererAdapter.java,8.494G,85.132M
RendererClassVisitor.java,532.456G,85.132M
SimpleVisitor.java,38.645G,85.132M
TagHandlerGeneratorVisitor.java,35.928G,85.132M
TaglibGeneratorVisitor.java,187.876G,85.132M
TemplateVisitor.java,44.931G,85.132M
Visitor.java,17.072G,85.132M
AbstractCExtensionProxy.java,104.215G,85.132M
ACBuilder.java,270.347G,85.132M
AsmModelBuilder.java,300.074G,85.132M
ASTCommenterVisitor.java,148.891G,85.132M
ASTGenericVisitor.java,122.306G,85.132M
AutoconfPrototype.java,44.166G,85.132M
AutotoolsConfigurationBuilder.java,149.655G,85.132M
BasicSelectionTransferDragAdapter.java,36.437G,85.132M
BinaryObjectAdapter.java,82.642G,85.132M
BreakpointVMModelProxyStrategy.java,40.089G,85.132M
BuildConsoleStreamDecorator.java,18.091G,85.132M
CDataProxy.java,81.962G,85.132M
CDataProxyContainer.java,52.405G,85.132M
CDTViewerDragAdapter.java,18.261G,85.132M
CDTViewerDropAdapter.java,112.114G,85.132M
CEditorTextHoverProxy.java,66.249G,85.132M
CElementDecorator.java,10.107G,85.132M
CElementDeltaBuilder.java,234.590G,85.132M
CfgProxyCache.java,73.554G,85.132M
ChangeGeneratorWriterVisitor.java,326.744G,85.132M
CNavigatorProblemsLabelDecorator.java,25.481G,85.132M
CodanBuilder.java,161.037G,85.132M
CodeReaderAdapter.java,85.105G,85.132M
ControlFlowGraphBuilder.java,1.681T,85.132M
CPPASTAllVisitor.java,254.040G,85.132M
CStructureCreatorVisitor.java,1.364T,85.132M
CWorkbenchAdapter.java,175.646G,85.132M
DefaultVMModelProxyStrategy.java,1.950T,85.132M
DeferredCWorkbenchAdapter.java,99.544G,85.132M
DelegatingDragAdapter.java,264.657G,85.132M
DelegatingDropAdapter.java,444.039G,85.132M
DocumentAdapter.java,1.267T,85.132M
ExcludedFileDecorator.java,234.420G,85.132M
ExpressionVMProviderModelProxyStrategy.java,577.556G,85.132M
ExternalEditorInputFactory.java,204.863G,85.132M
FunctionPrototypeSummary.java,226.267G,85.132M
ICElementVisitor.java,18.347G,85.132M
ICPPASTVisitor.java,50.622G,85.132M
IListAdapter.java,20.725G,85.132M
IModelVisitor.java,28.539G,85.132M
IncludeFolderDecorator.java,184.479G,85.132M
IncludeReferenceProxy.java,157.300G,85.132M
IndexerASTVisitor.java,869.732G,85.132M
IndexerInputAdapter.java,99.204G,85.132M
IPathSettingsContainerVisitor.java,8.155G,85.132M
LocationAdapter.java,197.729G,85.132M
ModulesViewModelProxy.java,64.891G,85.132M
MultiBuildConsoleAdapter.java,248.350G,85.132M
PathEntryStoreProxy.java,416.860G,85.132M
PDOMASTAdapter.java,2.090T,85.132M
PDOMProxy.java,1.011T,85.132M
ProblemsLabelDecorator.java,920.353G,85.132M
ProcessWrapper.java,137.595G,85.132M
ProjectIndexerInputAdapter.java,1.101T,85.132M
ReferenceVisitor.java,169.870G,85.132M
SignalsViewModelProxy.java,56.397G,85.132M
TextViewerDragAdapter.java,529.314G,85.132M
UpdatePolicyDecorator.java,57.417G,85.132M
WorkbenchRunnableAdapter.java,267.035G,85.132M
ConfigFileDecorator.java,281.984G,85.132M
ImageDecorator.java,82.218G,85.132M
URLDecorator.java,260.920G,85.132M
URLDecoratorDescriptor.java,77.461G,85.132M
URLDecoratorImageDescriptor.java,90.032G,85.132M
URLDecoratorManager.java,130.800G,85.132M
AssertionFailedException.java,32.276G,85.132M
BestResponseTimeBalanceStrategy.java,220.831G,85.132M
Blob.java,583.332G,85.132M
BlobFromLocator.java,1.596T,85.132M
CachedResultSetMetaData.java,50.962G,85.132M
Clob.java,1.018T,85.132M
CommunicationsException.java,189.066G,85.132M
CompressedInputStream.java,913.219G,85.132M
ConnectionFeatureNotAvailableException.java,63.193G,85.132M
ConnectionGroup.java,835.758G,85.132M
ConnectionGroupManager.java,838.306G,85.132M
ConnectionImpl.java,838.306G,85.132M
ConnectionProperties.java,2.461T,85.132M
ConnectionPropertiesTransform.java,24.378G,85.132M
DocsConnectionPropsHelper.java,42.809G,85.132M
EscapeProcessor.java,4.213T,85.132M
ExportControlled.java,1.802T,85.132M
ExtendedMysqlExceptionSorter.java,87.909G,85.132M
FailoverConnectionProxy.java,1.124T,85.132M
Field.java,5.442T,85.132M
IterateBlock.java,259.137G,85.132M
JDBC4MysqlPooledConnection.java,259.137G,85.132M
JDBC4MysqlXAConnection.java,271.368G,85.132M
JDBC4SuspendableXAConnection.java,267.546G,85.132M
MysqlConnectionPoolDataSource.java,180.913G,85.132M
MysqlDataSource.java,1.341T,85.132M
MysqlValidConnectionChecker.java,197.900G,85.132M
MysqlXAConnection.java,2.687T,85.132M
MysqlXADataSource.java,199.598G,85.132M
ReflectiveStatementInterceptorAdapter.java,575.859G,85.132M
SocialNetworkDBAThread.java,1.277T,85.132M
SocialNetworkNavigation.java,1.004T,85.132M
Statement.java,124.007G,85.132M
V1toV2StatementInterceptorAdapter.java,241.216G,85.132M
ScreenSingleton.java,222.531G,85.132M
CDABuilder.java,1.951T,85.132M
DocumentEntryBuilder.java,1.823T,85.132M
PdqMessageBuilderImpl.java,1.424T,85.132M
PdqRouteBuilder.java,119.760G,85.132M
BaseDataPrototype.java,1.293T,85.132M
CarroPrototipo.java,89.183G,85.132M
Circle.java,198.749G,85.132M
Color.java,50.963G,85.132M
Complex.java,112.116G,85.132M
Figure.java,129.103G,85.132M
GridPrototype.java,101.924G,85.132M
Main.java,118.061G,85.132M
Main2.java,220.832G,85.132M
MMacroCreatorPrototype.java,436.566G,85.132M
MParamPrototype.java,261.601G,85.132M
MParamRefPrototype.java,265.847G,85.132M
Point.java,101.074G,85.132M
Porsche911.java,145.240G,85.132M
Principal.java,158.830G,85.132M
Proto.java,204.694G,85.132M
Prototype.java,40.771G,85.132M
Prototype1.java,122.308G,85.132M
Prototype2.java,162.227G,85.132M
Triangle.java,415.332G,85.132M
CogrooSingleton.java,800.936G,85.132M
RefactoringObserver.java,17.838G,85.132M
TamagotchiObserver.java,32.277G,85.132M
Singleton.java,8.495G,85.132M
Prototype.java,217.435G,85.132M
VolFacadeREST.java,676.931G,85.132M
LoggingObserver.java,144.391G,85.132M
Builder.java,1.735T,85.132M
CompositeBuilder.java,1.823T,85.132M
ExecBuilder.java,1.390T,85.132M
Maven2Builder.java,2.092T,85.132M
NantBuilder.java,1.846T,85.132M
PhingBuilder.java,2.150T,85.132M
RakeBuilder.java,920.694G,85.132M
ServerNameSingleton.java,125.705G,85.132M
XcodeBuilder.java,2.141T,85.132M
Observable.java,148.638G,85.132M
SingletonFactory.java,166.474G,85.132M
ContentsAdapter.java,164.775G,85.132M
AbstractFaultChainInitiatorObserver.java,853.595G,85.132M
AddressingAssertionBuilder.java,793.292G,85.132M
ArrayVisitor.java,1.898T,85.132M
ChainInitiationObserver.java,1.287T,85.132M
ClientMessageObserver.java,366.920G,85.132M
ClientOutFaultObserver.java,313.411G,85.132M
ColocMessageObserver.java,1.376T,85.132M
ConstrTypeSpecVisitor.java,290.478G,85.132M
ConstVisitor.java,673.534G,85.132M
DefinitionVisitor.java,772.058G,85.132M
EndpointReferenceDomainExpressionBuilder.java,512.158G,85.132M
ExceptionVisitor.java,1.196T,85.132M
FixedVisitor.java,806.881G,85.132M
JaxbAssertionBuilder.java,980.148G,85.132M
JAXWSDefinitionBuilder.java,1.644T,85.132M
MessageReplayObserver.java,252.258G,85.132M
ModuleVisitor.java,233.572G,85.132M
MTOMAssertionBuilder.java,272.642G,85.132M
MultipleEndpointObserver.java,716.001G,85.132M
OperationVisitor.java,2.783T,85.132M
ParamDclVisitor.java,1.022T,85.132M
ParamTypeSpecVisitor.java,268.395G,85.132M
PortTypeVisitor.java,3.205T,85.132M
PrimitiveTypesVisitor.java,1.319T,85.132M
RM11AssertionBuilder.java,282.834G,85.132M
ScopedNameVisitor.java,4.588T,85.132M
SequenceVisitor.java,1.425T,85.132M
ServiceWSDLBuilder.java,5.765T,85.132M
SimpleTypeSpecVisitor.java,318.507G,85.132M
StaxBuilder.java,1.923T,85.132M
StringVisitor.java,1.575T,85.132M
TemplateTypeSpecVisitor.java,307.465G,85.132M
TypedefVisitor.java,1.200T,85.132M
TypesVisitor.java,304.068G,85.132M
VisitorBase.java,515.555G,85.132M
ObjectFactorySingleton.java,58.607G,85.132M
XYRegionMemento.java,138.445G,85.132M
aa.java,233.572G,85.132M
aze.java,306.616G,85.132M
BB.java,272.642G,85.132M
c.java,295.575G,85.132M
Coffe.java,340.590G,85.132M
Coffee.java,417.880G,85.132M
Comp.java,387.304G,85.132M
D.java,273.492G,85.132M
deco.java,321.055G,85.132M
Dyn.java,182.611G,85.132M
e.java,438.265G,85.132M
AuthorizableDecorator.java,480.732G,85.132M
Avatar.java,28.880G,85.132M
AvatarProfile.java,37.373G,85.132M
BiobankDecorator.java,968.257G,85.132M
Component.java,32.277G,85.132M
Component1.java,41.620G,85.132M
DataDecorator.java,807.731G,85.132M
DBIndexUpdateDecorator.java,232.723G,85.132M
Decorator.java,43.319G,85.132M
Decorator1.java,73.046G,85.132M
Decorator2.java,73.046G,85.132M
Defender.java,85.786G,85.132M
Druid.java,58.607G,85.132M
Fighter.java,85.786G,85.132M
FlowcellDecorator.java,308.315G,85.132M
IdentifiableDecorator.java,157.980G,85.132M
Knight.java,58.607G,85.132M
LibraryLaneDecorator.java,313.411G,85.132M
Magician.java,85.786G,85.132M
Main.java,56.908G,85.132M
Main2.java,83.238G,85.132M
MeasurementDecorator.java,919.844G,85.132M
MolgenisFileDecorator.java,1.791T,85.132M
MolgenisUserDecorator.java,964.860G,85.132M
NameableDecorator.java,266.697G,85.132M
TaskDecorator.java,574.160G,85.132M
DebugProxyHandler.java,1.180T,85.132M
EventsJsonProxy.java,347.385G,85.132M
ObjectProxy.java,475.636G,85.132M
PopoutPanelProxy.java,225.079G,85.132M
PopoutWindowProxy.java,1.221T,85.132M
AvlTreeSingleton.java,585.202G,85.132M
DateSortedDownloadAdapter.java,242.066G,85.132M
DateSortedExpandableListAdapter.java,1.674T,85.132M
DownloadAdapter.java,1.773T,85.132M
RealSystemFacade.java,738.933G,85.132M
SystemFacade.java,132.500G,85.132M
SystemFacade.java,132.500G,85.132M
BeanMappingBuilder.java,659.944G,85.132M
ClassMapBuilder.java,3.883T,85.132M
DozerBuilder.java,4.069T,85.132M
TypeMappingBuilder.java,424.675G,85.132M
BatteryLevelAdapter.java,1.166T,85.132M
BillingObserver.java,228.476G,85.132M
ChartFactory.java,2.629T,85.132M
IntentReceiver.java,1.005T,85.132M
IDFactory.java,1.390T,85.132M
Proxy.java,714.302G,85.132M
ServiceResourceFactory.java,155.432G,85.132M
SmartProxy.java,38.223G,85.132M
BreakpointMementoProvider.java,490.924G,85.132M
ControlsMementoProvider.java,179.214G,85.132M
DebugElementMementoProvider.java,305.767G,85.132M
ElementMementoProvider.java,529.994G,85.132M
ExpressionManagerMementoProvider.java,124.856G,85.132M
ExpressionMementoProvider.java,113.814G,85.132M
IElementMementoProvider.java,36.524G,85.132M
IElementMementoRequest.java,33.976G,85.132M
IMementoConstants.java,101.074G,85.132M
MementoUpdate.java,365.221G,85.132M
MemoryViewElementMementoProvider.java,355.878G,85.132M
XMLMemento.java,3.047T,85.132M
MementoTokenizer.java,1.796T,85.132M
Mementos.java,137.596G,85.132M
BreakpointMementoProvider.java,490.924G,85.132M
ControlsMementoProvider.java,179.214G,85.132M
DebugElementMementoProvider.java,305.767G,85.132M
ElementMementoProvider.java,529.994G,85.132M
ExpressionManagerMementoProvider.java,124.856G,85.132M
ExpressionMementoProvider.java,113.814G,85.132M
IElementMementoProvider.java,36.524G,85.132M
IElementMementoRequest.java,33.976G,85.132M
IMementoConstants.java,101.074G,85.132M
MementoUpdate.java,365.221G,85.132M
MemoryViewElementMementoProvider.java,355.878G,85.132M
RegisterGroupMementoProvider.java,115.513G,85.132M
StackFrameMementoProvider.java,175.817G,85.132M
XMLMemento.java,3.047T,85.132M
ConfigurationElementMemento.java,856.993G,85.132M
IMemento.java,188.557G,85.132M
IMementoAware.java,46.716G,85.132M
XMLMemento.java,3.507T,85.132M
MessageServerSingleton.java,365.221G,85.132M
ProcedureServiceFactory.java,264.998G,85.132M
AbstractClassDefVisitor.java,205.544G,85.132M
AbstractItemVisitor.java,127.404G,85.132M
IAttributeVisitor.java,122.308G,85.132M
IClassDefVisitor.java,77.293G,85.132M
ICONSTANTVisitor.java,157.131G,85.132M
IItemVisitor.java,62.854G,85.132M
IOpcodeVisitor.java,29.899G,85.132M
AccessControl.java,166.304G,85.132M
AccessControlProvider.java,234.507G,85.132M
ImmutableExample.java,166.304G,85.132M
IntelligentStudent.java,220.493G,85.132M
Main.java,194.333G,85.132M
Prototype.java,22.425G,85.132M
Student.java,252.258G,85.132M
StudentRegistry.java,97.167G,85.132M
TestPrototypePattern.java,262.535G,85.132M
User.java,482.091G,85.132M
Vehicle.java,206.478G,85.132M
AboveTimedSSLSocketFactory.java,551.228G,85.132M
RunFacade.java,307.381G,85.132M
SocketFactory.java,42.979G,85.132M
coffe.java,245.718G,85.132M
Database.java,156.961G,85.132M
DatabaseC.java,169.107G,85.132M
DocExport.java,174.713G,85.132M
Document.java,212.084G,85.132M
Ecommerce.java,181.253G,85.132M
food.java,210.215G,85.132M
Game.java,171.910G,85.132M
GUI.java,415.757G,85.132M
Logger.java,175.647G,85.132M
Logging.java,190.596G,85.132M
Music.java,195.267G,85.132M
Next.java,173.778G,85.132M
Noitf.java,188.727G,85.132M
Notif.java,193.398G,85.132M
Payment.java,193.398G,85.132M
Report.java,159.764G,85.132M
Shape.java,154.159G,85.132M
Shipping.java,185.924G,85.132M
Vehicle.java,237.310G,85.132M
Video.java,186.858G,85.132M
Voiture.java,195.267G,85.132M
wiki2.java,250.390G,85.132M
FastNodeBuilderFactory.java,283.089G,85.132M
FatNodeBuilderFactory.java,311.118G,85.132M
FuriousNodeBuilderFactory.java,312.986G,85.132M
LimitModeTreeBuilderFactory.java,909.992G,85.132M
MapperTreeBuilder.java,1.331T,85.132M
AA.java,270.944G,85.132M
BB.java,371.846G,85.132M
CC.java,240.112G,85.132M
Complier.java,244.784G,85.132M
EclipseFacade.java,152.290G,85.132M
Home.java,440.049G,85.132M
Main.java,354.095G,85.132M
Online.java,312.052G,85.132M
ProjectFacade.java,1.186T,85.132M
Room.java,379.320G,85.132M
Test.java,114.919G,85.132M
Travel.java,327.001G,85.132M
WorkspaceFacade.java,82.219G,85.132M
ElementListObserver.java,245.718G,85.132M
LoggingElementListObserver.java,409.217G,85.132M
ConditionNotSatisfiedDecorator.java,410.152G,85.132M
ExtendedAttributeTableModelDecorator.java,725.939G,85.132M
ReducedAttributeTableModelDecorator.java,657.736G,85.132M
HeaderMouseObserver.java,65.402G,85.132M
MouseObserver.java,60.730G,85.132M
TreeMouseObserver.java,239.178G,85.132M
AgeDecorator.java,278.418G,85.132M
BooleanDecorator.java,163.501G,85.132M
DateDecorator.java,254.127G,85.132M
Decorator.java,407.349G,85.132M
IDecorator.java,53.256G,85.132M
PrototypeWrapper.java,518.528G,85.132M
ColorMemento.java,301.775G,85.132M
GraphViewMappingFactory.java,147.619G,85.132M
GraphViewMappingFactoryImpl.java,877.292G,85.132M
GraphViewStyleFactory.java,94.365G,85.132M
GraphViewStyleFactoryImpl.java,538.148G,85.132M
InstancemodelFactory.java,151.356G,85.132M
InstancemodelFactoryImpl.java,918.401G,85.132M
GeometryProxy.java,1.310T,85.132M
RandomStyleBuilder.java,1.972T,85.132M
SingletonIterator.java,205.544G,85.132M
CORBAEJBMemento.java,385.860G,85.132M
DatumDecorator.java,1.220T,85.132M
DawidSkeneDecorator.java,692.305G,85.132M
Decorator.java,298.038G,85.132M
WorkerDecorator.java,741.821G,85.132M
CarroPrototipo.java,98.102G,85.132M
Chat.java,298.038G,85.132M
GUI.java,298.038G,85.132M
Market.java,435.377G,85.132M
Porsche911.java,159.764G,85.132M
Principal.java,174.713G,85.132M
Proto.java,225.164G,85.132M
Stock.java,298.038G,85.132M
Thread.java,413.889G,85.132M
Weather.java,370.912G,85.132M
SpatialIndexVisitor.java,44.848G,85.132M
ProtoTypeAdapter.java,2.553T,85.132M
ActionProxy.java,270.009G,85.132M
AWTEventListenerProxy.java,170.976G,85.132M
BeanContextChildComponentProxy.java,27.096G,85.132M
BeanContextContainerProxy.java,26.162G,85.132M
BeanContextProxy.java,20.556G,85.132M
EventListenerProxy.java,56.993G,85.132M
MockBeanContextProxy.java,107.445G,85.132M
MockBeanContextProxyS.java,231.704G,85.132M
Observable.java,331.672G,85.132M
PropertyChangeListenerProxy.java,112.116G,85.132M
Proxy.java,374.649G,85.132M
ProxySelector.java,229.835G,85.132M
ProxySelectorImpl.java,1.967T,85.132M
VetoableChangeListenerProxy.java,135.473G,85.132M
MapPageBuilder.java,304.578G,85.132M
QueuePageBuilder.java,191.530G,85.132M
Prototype.java,2.984T,85.132M
DirectoryFacade.java,527.871G,85.132M
DirectoryFacadeProvider.java,70.073G,85.132M
SingletonHiveSessionFactoryBuilder.java,1.195T,85.132M
HunApkListAdapter.java,998.749G,85.132M
CacheActionQueueSingleton.java,98.102G,85.132M
NoXmlSingletonConnectionManager.java,563.374G,85.132M
SingletonConnectionManager.java,430.706G,85.132M
PrototypeManager.java,28.965G,85.132M
AbstractStrategy.java,206.478G,85.132M
Application.java,515.725G,85.132M
AreaCalculator.java,39.242G,85.132M
BeginClass.java,208.347G,85.132M
BFSStrategy.java,175.647G,85.132M
Context.java,72.876G,85.132M
ControlePeloMeio.java,70.073G,85.132M
Course.java,185.924G,85.132M
DeserStrategy.java,30.833G,85.132M
DFSStrategy.java,165.370G,85.132M
Fernandao.java,308.315G,85.132M
Graph.java,420.429G,85.132M
HawaiianFlavor.java,316.723G,85.132M
Luxemburgo.java,317.658G,85.132M
Main.java,145.750G,85.132M
Maina.java,993.143G,85.132M
Mainn.java,146.684G,85.132M
PepperoniFlavor.java,301.775G,85.132M
Pizza.java,346.620G,85.132M
Polygon.java,181.253G,85.132M
Pricing.java,22.425G,85.132M
RectangleAreaCalc.java,355.029G,85.132M
Retranca.java,67.270G,85.132M
Strategy.java,29.899G,85.132M
StrategyPatternServiceApplication.java,79.416G,85.132M
StudentRecord.java,625.036G,85.132M
Time.java,304.578G,85.132M
Vertex.java,94.365G,85.132M
XMLDeserialization.java,980.997G,85.132M
XMLSerialization.java,505.448G,85.132M
EclipseFacade.java,152.290G,85.132M
ProjectFacade.java,1.186T,85.132M
WorkspaceFacade.java,82.219G,85.132M
CachedSingletonsRegistry.java,127.064G,85.132M
CodeFormatterFacade.java,3.681T,85.132M
CodeStyleFacade.java,336.343G,85.132M
FacetEditorFacade.java,227.032G,85.132M
FileIndexFacade.java,388.663G,85.132M
JavaCodeStyleSettingsFacade.java,152.290G,85.132M
JavaPsiFacade.java,453.129G,85.132M
MockFileIndexFacade.java,617.562G,85.132M
NewInstanceOfSingletonInspection.java,924.006G,85.132M
Singleton.java,32.702G,85.132M
SingletonInspectionTest.java,99.970G,85.132M
SingletonMap.java,46.716G,85.132M
AlbumBuilder.java,239.178G,85.132M
AlbumDatabaseBuilder.java,441.917G,85.132M
ArtistBuilder.java,202.741G,85.132M
DownloadJobBuilder.java,437.246G,85.132M
IndexFactory.java,68.205G,85.132M
LicenseBuilder.java,133.604G,85.132M
PlaylistBuilder.java,142.947G,85.132M
RadioBuilder.java,145.750G,85.132M
RadioDatabaseBuilder.java,307.381G,85.132M
ReviewBuilder.java,227.967G,85.132M
TrackBuilder.java,251.324G,85.132M
TrackDatabaseBuilder.java,547.491G,85.132M
UsersFactory.java,85.022G,85.132M
UsersFactoryImpl.java,628.773G,85.132M
AccessControlObserver.java,285.892G,85.132M
SingletonRepositoryFactory.java,63.533G,85.132M
AlbumBuilder.java,239.178G,85.132M
AlbumDatabaseBuilder.java,441.917G,85.132M
ArtistBuilder.java,202.741G,85.132M
DownloadJobBuilder.java,437.246G,85.132M
LicenseBuilder.java,133.604G,85.132M
PlaylistBuilder.java,142.947G,85.132M
RadioBuilder.java,145.750G,85.132M
RadioDatabaseBuilder.java,307.381G,85.132M
ReviewBuilder.java,227.967G,85.132M
TrackBuilder.java,251.324G,85.132M
TrackDatabaseBuilder.java,547.491G,85.132M
MimeMessageCopyOnWriteProxy.java,2.760T,85.132M
ExecutionHandlerSingleton.java,122.393G,85.132M
TCPPipelineFactory.java,394.269G,85.132M
UDPChannelPipelineFactory.java,466.208G,85.132M
UDPPipelineFactory.java,313.921G,85.132M
IMemento.java,38.308G,85.132M
IObserver.java,21.491G,85.132M
ISubject.java,41.111G,85.132M
Proxy.java,15.885G,85.132M
ProxyObject.java,27.096G,85.132M
ScopedClassPoolFactory.java,63.533G,85.132M
ScopedClassPoolFactoryImpl.java,111.182G,85.132M
MySQLRegistrationDAOFactory.java,41.111G,85.132M
OracleRegistrationDAOFactory.java,41.111G,85.132M
RegistrationDAOAbstractFactory.java,78.482G,85.132M
RegistrationDAOFactory.java,17.754G,85.132M
AbstractSteps.java,43.913G,85.132M
AbstractStepsFactory.java,553.097G,85.132M
AnnotatedEmbedderUsingGuice.java,1.059T,85.132M
AnnotatedEmbedderUsingGuiceAndSteps.java,516.660G,85.132M
AnnotatedEmbedderUsingPico.java,1.046T,85.132M
AnnotatedEmbedderUsingPicoAndSteps.java,537.214G,85.132M
AnnotatedEmbedderUsingSpring.java,343.818G,85.132M
AnnotatedEmbedderUsingSpringAndSteps.java,506.383G,85.132M
AnnotatedEmbedderUsingSpringNamespace.java,346.620G,85.132M
AnnotationBuilder.java,3.147T,85.132M
AuthenticationPolicyBuilder.java,197.135G,85.132M
AuthenticationSteps.java,620.365G,85.132M
BeforeAfterSteps.java,1.345T,85.132M
CalendarConverter.java,225.164G,85.132M
CalendarSteps.java,214.887G,85.132M
CompositeNestedSteps.java,269.075G,85.132M
CompositeSteps.java,323.263G,85.132M
CompositeStepsFactory.java,246.652G,85.132M
DbUnitSteps.java,211.150G,85.132M
Embedder.java,4.391T,85.132M
EmbedderMonitorDecorator.java,45.782G,85.132M
ExecutorServiceFactory.java,45.782G,85.132M
FailingAfterStories.java,254.127G,85.132M
FailingBeforeAfterSteps.java,255.995G,85.132M
FailingBeforeStories.java,254.127G,85.132M
FilePrintStreamFactory.java,1.131T,85.132M
FixedThreadExecutors.java,83.153G,85.132M
GroovyAnnotationBuilder.java,631.576G,85.132M
GroovyAnnotationBuilderBehaviour.java,773.587G,85.132M
GroovyStepsFactory.java,218.624G,85.132M
GuiceAnnotationBuilder.java,1.300T,85.132M
GuiceAnnotationBuilderBehaviour.java,3.441T,85.132M
GuiceStepsFactory.java,492.368G,85.132M
InheritingAnnotatedEmbedderUsingSteps.java,327.935G,85.132M
InjectableStepsFactory.java,39.242G,85.132M
InstanceStepsFactory.java,255.061G,85.132M
MetaParametrisationSteps.java,284.024G,85.132M
NamedParametersSteps.java,284.024G,85.132M
OrganizationSteps.java,526.937G,85.132M
ParameterDelimiters.java,108.039G,85.132M
ParameterDelimitersSteps.java,137.597G,85.132M
ParametrisationByDelimitedName.java,275.191G,85.132M
ParametrisationByDelimitedNameSteps.java,559.552G,85.132M
ParametrisedSteps.java,171.231G,85.132M
ParentAnnotatedEmbedderUsingPico.java,367.939G,85.132M
PatternVariantBuilder.java,595.224G,85.132M
PendingSteps.java,166.135G,85.132M
PicoAnnotationBuilder.java,1.044T,85.132M
PicoAnnotationBuilderBehaviour.java,2.898T,85.132M
PicoStepsFactory.java,303.729G,85.132M
PrintStreamFactory.java,27.521G,85.132M
PriorityMatchingSteps.java,197.730G,85.132M
ProvidedStepsFactory.java,276.210G,85.132M
SandpitSteps.java,128.424G,85.132M
ScalaStepsFactory.java,248.691G,85.132M
SearchSteps.java,289.460G,85.132M
SilentSuccessFilter.java,1.606T,85.132M
SkipBeforeAndAfterScenarioStepsIfGivenStory.java,118.231G,85.132M
SkipScenariosAfterFailure.java,123.327G,85.132M
SpringAnnotationBuilder.java,1.086T,85.132M
SpringApplicationContextFactory.java,505.533G,85.132M
SpringStepsFactory.java,492.284G,85.132M
SpringStoryReporterBuilder.java,572.802G,85.132M
SpringStoryReporterBuilderBehaviour.java,562.610G,85.132M
StackTraceFormatter.java,2.206T,85.132M
StepdocReporter.java,83.578G,85.132M
StepFailureDecoratorBehaviour.java,1.212T,85.132M
Stock.java,272.133G,85.132M
StoryReporterBuilder.java,1.928T,85.132M
ThreadsSteps.java,328.190G,85.132M
ThreadsStories.java,857.163G,85.132M
Trader.java,382.208G,85.132M
TraderConverter.java,218.115G,85.132M
TraderPersister.java,128.424G,85.132M
TraderSteps.java,2.231T,85.132M
TradingService.java,106.001G,85.132M
User.java,801.106G,85.132M
UserBuilder.java,351.632G,85.132M
WeldAnnotationBuilder.java,482.091G,85.132M
WeldAnnotationBuilderBehaviour.java,2.145T,85.132M
WeldStepsFactory.java,346.536G,85.132M
SingletonAEjbHandler.java,130.462G,85.132M
Observer.java,19.367G,85.132M
FormFacade.java,3.544T,85.132M
WorkflowFacade.java,6.130T,85.132M
AbstractFactoryPattern.java,382.208G,85.132M
FactoryMethodPattern.java,327.171G,85.132M
ConcurrentModificationObserver.java,618.666G,85.132M
Prototype.java,2.985T,85.132M
Singleton.java,83.578G,85.132M
SingletonDemo.java,45.867G,85.132M
LayoutPrototype.java,340.420G,85.132M
LayoutPrototypeBaseImpl.java,124.347G,85.132M
LayoutPrototypeImpl.java,491.264G,85.132M
LayoutPrototypeLocalService.java,2.065T,85.132M
LayoutPrototypeLocalServiceWrapper.java,2.671T,85.132M
LayoutPrototypePermissionImpl.java,455.592G,85.132M
LayoutPrototypeWrapper.java,3.272T,85.132M
LayoutSetPrototypePermission.java,111.097G,85.132M
LayoutSetPrototypeWrapper.java,3.194T,85.132M
BTDiskManagerMementoImpl.java,317.998G,85.132M
BTDownloadMementoImpl.java,451.515G,85.132M
BTMetaInfoMementoImpl.java,815.375G,85.132M
ColorMemento.java,329.209G,85.132M
DownloadMemento.java,139.635G,85.132M
GnutellaDownloadMemento.java,192.634G,85.132M
GnutellaDownloadMementoImpl.java,771.549G,85.132M
InNetworkDownloadMemento.java,90.713G,85.132M
InNetworkDownloadMementoImpl.java,994.757G,85.132M
LibTorrentBTDownloadMementoImpl.java,1.124T,85.132M
MagnetDownloadMementoImpl.java,846.971G,85.132M
TorrentFileSystemMementoImpl.java,480.053G,85.132M
VirusDefinitionDownloadMemento.java,855.124G,85.132M
CarManualBuilder.java,397.497G,85.132M
Computer.java,177.346G,85.132M
Dialog.java,126.385G,85.132M
House.java,375.074G,85.132M
Meal.java,312.902G,85.132M
Person.java,253.787G,85.132M
ServiceProviderSingleton.java,104.982G,85.132M
String.java,321.055G,85.132M
TaskBuilder.java,286.402G,85.132M
P2Facade.java,70.328G,85.132M
P2FacadeImpl.java,2.080T,85.132M
DecoratorFactory.java,90.713G,85.132M
DecoratorFactoryImpl.java,546.302G,85.132M
DoubleTagDecorator.java,319.017G,85.132M
SingleTagDecorator.java,532.033G,85.132M
TagDecorator.java,1.494T,85.132M
TripleTagDecorator.java,337.363G,85.132M
ArtifactFactory.java,398.516G,85.132M
ArtifactRepositoryFactory.java,286.402G,85.132M
DefaultArtifactFactory.java,426.035G,85.132M
DefaultProjectBuilder.java,8.678T,85.132M
DefaultSettingsBuilder.java,1.205T,85.132M
DefaultToolchainsBuilder.java,376.518G,85.132M
LifecycleWeaveBuilder.java,3.785T,85.132M
MavenSettingsBuilder.java,267.207G,85.132M
ToolchainFactory.java,66.252G,85.132M
WebDriverFacade.java,342.289G,85.132M
ViewFactory.java,89.439G,85.132M
AA.java,422.892G,85.132M
Aluno.java,309.165G,85.132M
AlunoEstado.java,33.127G,85.132M
AlunoEstadoAtivo.java,70.668G,85.132M
AlunoEstadoFormado.java,80.606G,85.132M
AlunoEstadoTrancado.java,82.814G,85.132M
AlunoMemento.java,118.147G,85.132M
Bash.java,313.581G,85.132M
bs.java,437.246G,85.132M
CareTaker.java,119.251G,85.132M
CommandCenter.java,395.288G,85.132M
DiaryWriter.java,144.646G,85.132M
Editor.java,51.898G,85.132M
EditorState.java,161.209G,85.132M
F.java,443.871G,85.132M
History.java,123.667G,85.132M
K.java,490.245G,85.132M
Launcher.java,155.688G,85.132M
Main.java,302.540G,85.132M
Memento.java,144.646G,85.132M
MementoManagerCommand.java,425.101G,85.132M
Mementoo.java,60.731G,85.132M
MementoTransaction.java,216.416G,85.132M
MSEditor.java,298.123G,85.132M
Originator.java,123.667G,85.132M
PadraoMemento.java,325.727G,85.132M
State.java,17.669G,85.132M
Terminal.java,149.063G,85.132M
Test.java,527.787G,85.132M
User.java,326.831G,85.132M
Z.java,416.267G,85.132M
Wiki.java,423.996G,85.132M
coffe.java,290.394G,85.132M
Database.java,185.500G,85.132M
DatabaseC.java,199.854G,85.132M
DocExport.java,206.479G,85.132M
Document.java,250.645G,85.132M
Ecommerce.java,214.208G,85.132M
food.java,248.436G,85.132M
Game.java,203.166G,85.132M
GUI.java,491.350G,85.132M
Logger.java,207.583G,85.132M
Logging.java,225.249G,85.132M
Music.java,230.770G,85.132M
Next.java,205.375G,85.132M
Noitf.java,223.041G,85.132M
Notif.java,228.562G,85.132M
Payment.java,228.562G,85.132M
Report.java,188.812G,85.132M
SecurityTokenFactory.java,460.433G,85.132M
Shape.java,182.187G,85.132M
Shipping.java,219.729G,85.132M
SignatureAlgorithmFactory.java,353.331G,85.132M
Vehicle.java,280.457G,85.132M
Video.java,220.833G,85.132M
Voiture.java,230.770G,85.132M
wiki2.java,295.915G,85.132M
ImageTableObserver.java,464.850G,85.132M
ResourceFactory.java,76.189G,85.132M
SpringResourceFactoryFactory.java,354.435G,85.132M
Prototype.java,732.054G,85.132M
AuthorizableDecorator.java,624.952G,85.132M
BiobankDecorator.java,1.259T,85.132M
DataDecorator.java,1.050T,85.132M
DBIndexUpdateDecorator.java,302.540G,85.132M
FlowcellDecorator.java,400.809G,85.132M
IdentifiableDecorator.java,205.375G,85.132M
LibraryLaneDecorator.java,407.434G,85.132M
MeasurementDecorator.java,1.196T,85.132M
MolgenisFileDecorator.java,2.329T,85.132M
MolgenisUserDecorator.java,1.254T,85.132M
NameableDecorator.java,346.706G,85.132M
TaskDecorator.java,746.408G,85.132M
AuthorizableDecorator.java,624.952G,85.132M
BiobankDecorator.java,1.259T,85.132M
DataDecorator.java,1.050T,85.132M
DBIndexUpdateDecorator.java,302.540G,85.132M
FlowcellDecorator.java,400.809G,85.132M
IdentifiableDecorator.java,205.375G,85.132M
LibraryLaneDecorator.java,407.434G,85.132M
MeasurementDecorator.java,1.196T,85.132M
MolgenisFileDecorator.java,2.329T,85.132M
MolgenisUserDecorator.java,1.254T,85.132M
NameableDecorator.java,346.706G,85.132M
TaskDecorator.java,746.408G,85.132M
DecoratorItem.java,27.606G,85.132M
DecoratorLabelRenderer.java,1.378T,85.132M
DecoratorLayout.java,1.067T,85.132M
EnrichmentBuilder.java,131.396G,85.132M
SimpleDefaultDecorator.java,3.756T,85.132M
TableDecoratorItem.java,198.750G,85.132M
VehiclePrototype.java,864.552G,85.132M
MappingsMemento.java,1.887T,85.132M
MementoPersistence.java,132.501G,85.132M
Action.java,60.731G,85.132M
Converter.java,78.397G,85.132M
Element1.java,75.085G,85.132M
Element2.java,37.544G,85.132M
Facade.java,213.104G,85.132M
FileManager.java,54.106G,85.132M
HardwarePlayer.java,153.479G,85.132M
Main.java,218.624G,85.132M
MediaPlayer.java,641.514G,85.132M
SongBytes.java,12.148G,85.132M
SongFile.java,12.148G,85.132M
State.java,9.940G,85.132M
Utils.java,44.169G,85.132M
VolFacadeREST.java,880.011G,85.132M
ImmutableExample.java,196.541G,85.132M
Main.java,229.666G,85.132M
Vehicle.java,244.020G,85.132M
Asion.java,174.458G,85.132M
Authentification.java,320.206G,85.132M
BMWSound.java,43.064G,85.132M
Booking.java,333.456G,85.132M
BowAndArrow.java,191.021G,85.132M
Car.java,405.226G,85.132M
Cars.java,98.272G,85.132M
CiscoImpl.java,85.022G,85.132M
CiscoWeatherInfo.java,41.960G,85.132M
Compress.java,281.561G,85.132M
Computers.java,406.330G,85.132M
CreditCard.java,59.627G,85.132M
Databaseselect.java,255.061G,85.132M
Disc.java,192.125G,85.132M
Discount.java,355.539G,85.132M
DlinkImpl.java,86.126G,85.132M
DlinkWeatherFinder.java,39.752G,85.132M
DrawsStrategy.java,235.187G,85.132M
Duck.java,215.312G,85.132M
DynamicPricing.java,331.248G,85.132M
EditingFiles.java,284.873G,85.132M
ExecuteStrategy.java,119.251G,85.132M
Export.java,288.186G,85.132M
Filter.java,301.436G,85.132M
FindPath.java,495.766G,85.132M
Game.java,150.167G,85.132M
GetWeatherServlet.java,276.040G,85.132M
ISound.java,17.669G,85.132M
java.java,375.414G,85.132M
Logging.java,276.040G,85.132M
MainApp.java,142.438G,85.132M
MediaPlayer.java,269.415G,85.132M
MyActions.java,685.680G,85.132M
Myclass.java,690.097G,85.132M
NotifyMe.java,285.978G,85.132M
OCompiler.java,299.227G,85.132M
Pay.java,279.353G,85.132M
PaymentByCreditCard.java,191.021G,85.132M
PaymentByPayPal.java,170.042G,85.132M
PaymentService.java,147.959G,85.132M
PaymentStrategy.java,36.440G,85.132M
Robot.java,321.310G,85.132M
Serialization.java,176.667G,85.132M
Server.java,547.661G,85.132M
Sort.java,273.832G,85.132M
Storage.java,288.186G,85.132M
Strategy.java,19.877G,85.132M
Strategy1.java,450.496G,85.132M
StrategyA.java,65.147G,85.132M
StrategyB.java,60.731G,85.132M
Sword.java,117.043G,85.132M
TestCar.java,442.767G,85.132M
Text.java,162.313G,85.132M
threads.java,465.954G,85.132M
Unique.java,196.541G,85.132M
Weapon.java,26.502G,85.132M
WeatherInfo.java,25.398G,85.132M
1.java,162.313G,85.132M
2.java,606.181G,85.132M
3.java,335.664G,85.132M
A.java,467.058G,85.132M
AA.java,422.892G,85.132M
AB.java,460.433G,85.132M
abstrcatf.java,482.516G,85.132M
Auth.java,305.852G,85.132M
AZE.java,506.808G,85.132M
B.java,374.310G,85.132M
bs.java,437.246G,85.132M
Builderimports.java,192.125G,85.132M
C.java,549.870G,85.132M
CarManualBuilder.java,430.621G,85.132M
Computer.java,192.125G,85.132M
Curr.java,278.248G,85.132M
D.java,619.431G,85.132M
Dialog.java,136.917G,85.132M
E.java,503.495G,85.132M
F.java,443.871G,85.132M
G.java,599.556G,85.132M
H.java,486.933G,85.132M
House.java,406.330G,85.132M
Integration.java,210.895G,85.132M
jjj.java,490.245G,85.132M
K.java,490.245G,85.132M
L.java,425.101G,85.132M
Legacy.java,195.437G,85.132M
Logging.java,221.937G,85.132M
m.java,416.267G,85.132M
Meal.java,338.977G,85.132M
Music.java,291.498G,85.132M
Person.java,274.936G,85.132M
Pizza.java,313.581G,85.132M
q.java,491.350G,85.132M
Read.java,271.624G,85.132M
Rectangle.java,248.436G,85.132M
Square.java,257.270G,85.132M
String.java,347.810G,85.132M
TaskBuilder.java,310.269G,85.132M
Temperature.java,370.997G,85.132M
USB.java,257.270G,85.132M
Visitorr.java,406.330G,85.132M
W.java,570.848G,85.132M
WebServi.java,245.124G,85.132M
X.java,441.663G,85.132M
Z.java,416.267G,85.132M
ZZ.java,608.389G,85.132M
Auth.java,305.852G,85.132M
Curr.java,278.248G,85.132M
Integration.java,210.895G,85.132M
Legacy.java,195.437G,85.132M
Logging.java,221.937G,85.132M
Music.java,291.498G,85.132M
Read.java,271.624G,85.132M
Rectangle.java,248.436G,85.132M
Square.java,257.270G,85.132M
Temperature.java,370.997G,85.132M
USB.java,257.270G,85.132M
WebServi.java,245.124G,85.132M
Memento.java,208.687G,85.132M
XMLMemento.java,3.573T,85.132M
CarroPrototipo.java,115.938G,85.132M
Chat.java,352.227G,85.132M
GUI.java,352.227G,85.132M
Market.java,514.537G,85.132M
Porsche911.java,188.812G,85.132M
Principal.java,206.479G,85.132M
Proto.java,266.103G,85.132M
Stock.java,352.227G,85.132M
Thread.java,489.141G,85.132M
Weather.java,438.350G,85.132M
aa.java,268.311G,85.132M
Livre.java,404.122G,85.132M
More.java,904.302G,85.132M
Test.java,524.474G,85.132M
ResourcePrototypeImpl.java,510.120G,85.132M
DHTRouterObserver.java,131.396G,85.132M
ExternalTextResourcePrototype.java,796.095G,85.132M
ImageResourcePrototype.java,463.746G,85.132M
ResourcePrototype.java,20.981G,85.132M
BasicSingletonBean.java,995.946G,85.132M
SingletonCalculatorClient.java,400.809G,85.132M
SingletonContainer.java,176.667G,85.132M
SingletonContainerBuilder.java,501.287G,85.132M
SingletonContext.java,484.725G,85.132M
SingletonEJBHomeHandler.java,249.541G,85.132M
SingletonEJBObjectHandler.java,462.642G,85.132M
SingletonInstanceManager.java,3.534T,85.132M
ThreadSingletonService.java,98.272G,85.132M
ThreadSingletonServiceImpl.java,3.499T,85.132M
ComercialProxy.java,1.823T,85.132M
ExportacaoProxy.java,473.683G,85.132M
ImportacaoProxy.java,327.935G,85.132M
Visitor.java,44.169G,85.132M
GitFileDecorator.java,3.873T,85.132M
GitSshSessionFactory.java,675.743G,85.132M
OSGiConsoleFactory.java,365.476G,85.132M
ResourceShapeFactory.java,316.894G,85.132M
AbstractPrototypeImpl.java,165.625G,85.132M
BusPrototypeImpl.java,166.729G,85.132M
ComponentPrototype.java,70.668G,85.132M
ComponentPrototypeActual.java,115.938G,85.132M
ComponentPrototypeActualImpl.java,1.970T,85.132M
ComponentPrototypeBinding.java,58.523G,85.132M
ComponentPrototypeImpl.java,1.360T,85.132M
DataPrototypeImpl.java,165.625G,85.132M
DevicePrototypeImpl.java,165.625G,85.132M
FeatureGroupPrototype.java,51.898G,85.132M
FeatureGroupPrototypeActual.java,92.751G,85.132M
FeatureGroupPrototypeActualImpl.java,1.484T,85.132M
FeatureGroupPrototypeBindingImpl.java,1.711T,85.132M
FeatureGroupPrototypeImpl.java,1.096T,85.132M
FeaturePrototype.java,80.606G,85.132M
FeaturePrototypeActual.java,17.669G,85.132M
FeaturePrototypeActualImpl.java,134.709G,85.132M
FeaturePrototypeBinding.java,66.252G,85.132M
FeaturePrototypeImpl.java,1.874T,85.132M
FeaturePrototypeReferenceImpl.java,1.812T,85.132M
MemoryPrototypeImpl.java,165.625G,85.132M
ProcessorPrototypeImpl.java,166.729G,85.132M
ProcessPrototypeImpl.java,165.625G,85.132M
Prototype.java,40.856G,85.132M
PrototypeBinding.java,32.023G,85.132M
PrototypeBindingImpl.java,174.458G,85.132M
PrototypeImpl.java,1.169T,85.132M
SubprogramGroupPrototypeImpl.java,179.979G,85.132M
SubprogramPrototypeImpl.java,172.250G,85.132M
SystemPrototypeImpl.java,165.625G,85.132M
ThreadGroupPrototypeImpl.java,173.354G,85.132M
ThreadPrototypeImpl.java,165.625G,85.132M
VirtualBusPrototypeImpl.java,174.458G,85.132M
VirtualProcessorPrototypeImpl.java,174.458G,85.132M
AbstractListFacade.java,1.153T,85.132M
CampaignInfoFactory.java,58.523G,85.132M
CDOMFactory.java,1.046T,85.132M
CharacterLevelFacadeImpl.java,211.660G,85.132M
CharacterLevelsFacadeImpl.java,6.724T,85.132M
DefaultListFacade.java,1.650T,85.132M
DelegatingListFacade.java,587.411G,85.132M
DescriptionFacadeImpl.java,4.180T,85.132M
DomainFacadeImpl.java,590.978G,85.132M
EquipmentListFacadeImpl.java,1.083T,85.132M
FacadeFactory.java,5.191T,85.132M
GeneralChooserFacadeBase.java,2.226T,85.132M
InfoFactory.java,366.921G,85.132M
KitFacade.java,40.772G,85.132M
LanguageChooserFacade.java,130.463G,85.132M
LanguageChooserFacadeImpl.java,2.405T,85.132M
LanguageFacade.java,38.054G,85.132M
LevelCommandFactory.java,816.735G,85.132M
ListDataAdapter.java,184.821G,85.132M
ListFacade.java,126.386G,85.132M
ListFacades.java,680.839G,85.132M
LoadableFacade.java,106.002G,85.132M
ManufacturableFactory.java,182.103G,85.132M
ModifyChoiceDecorator.java,653.660G,85.132M
PartyFacade.java,130.463G,85.132M
PartyFacadeImpl.java,611.533G,85.132M
PersistenceObserver.java,1.470T,85.132M
PopupMouseAdapter.java,207.923G,85.132M
QualifiedDecorator.java,591.148G,85.132M
RaceFacade.java,138.617G,85.132M
ReferenceFacade.java,88.335G,85.132M
ShowMessageConsoleObserver.java,235.102G,85.132M
ShowMessageGuiObserver.java,502.816G,85.132M
SimpleFacadeImpl.java,110.078G,85.132M
SizeFacade.java,24.464G,85.132M
SkillFacade.java,48.926G,85.132M
SortedListFacade.java,1.356T,85.132M
SourceSelectionFacade.java,130.463G,85.132M
SpellFacade.java,91.053G,85.132M
SpellFacadeImplem.java,2.210T,85.132M
SpellSupportFacade.java,748.787G,85.132M
StatFacade.java,51.983G,85.132M
TempBonusFacade.java,43.320G,85.132M
TemplateFacade.java,36.101G,85.132M
TermEvaluatorBuilder.java,232.469G,85.132M
TermEvaluatorBuilderEQVar.java,2.606T,85.132M
TermEvaluatorBuilderPCStat.java,620.876G,85.132M
TodoFacade.java,114.665G,85.132M
TodoFacadeImpl.java,846.972G,85.132M
TreeTableModelAdapter.java,247.673G,85.132M
UIDelegate.java,353.162G,85.132M
XPTableFacade.java,79.502G,85.132M
ATermBaseVisitor.java,1.330T,85.132M
ATermVisitor.java,406.671G,85.132M
AtomObjectVisitor.java,85.618G,85.132M
DefaultAtomObjectVisitor.java,117.723G,85.132M
DefaultRuleAtomVisitor.java,191.107G,85.132M
ELTaxonomyBuilder.java,1.478T,85.132M
EntailmentQueryVisitor.java,2.258T,85.132M
FSMBuilder.java,3.417T,85.132M
FunctionApplicationVisitor.java,551.909G,85.132M
GenericTaxonomyBuilder.java,1.442T,85.132M
NumberToLiteralVisitor.java,642.110G,85.132M
NumericComparisonVisitor.java,412.786G,85.132M
NumericVisitor.java,102.435G,85.132M
OntBuilder.java,8.580T,85.132M
RuleAtomVisitor.java,150.083G,85.132M
Cdk5Factory.java,187.200G,85.132M
Cdk5FactoryImpl.java,1.152T,85.132M
Filetransfer2xFactory.java,200.110G,85.132M
Filetransfer2xFactoryImpl.java,1.748T,85.132M
Filetransfer3Factory.java,196.882G,85.132M
Filetransfer3FactoryImpl.java,942.439G,85.132M
JbiFactory.java,314.687G,85.132M
JbiFactoryImpl.java,3.783T,85.132M
JmsFactory.java,145.242G,85.132M
JmsFactoryImpl.java,760.084G,85.132M
MailFactory.java,140.401G,85.132M
MailFactoryImpl.java,1.494T,85.132M
Cdk5Factory.java,187.200G,85.132M
Cdk5FactoryImpl.java,1.152T,85.132M
Filetransfer2xFactory.java,200.110G,85.132M
Filetransfer2xFactoryImpl.java,1.748T,85.132M
Filetransfer3Factory.java,196.882G,85.132M
Filetransfer3FactoryImpl.java,942.439G,85.132M
JbiFactory.java,314.687G,85.132M
JbiFactoryImpl.java,3.783T,85.132M
JmsFactory.java,145.242G,85.132M
JmsFactoryImpl.java,760.084G,85.132M
MailFactory.java,140.401G,85.132M
MailFactoryImpl.java,1.494T,85.132M
ConfigurationSingleton.java,158.152G,85.132M
AbstractPDPProxy.java,422.808G,85.132M
AbstractSynapseObserver.java,1.554T,85.132M
ActivityMediationStatisticsObserver.java,538.999G,85.132M
Axis2ConfigurationContextObserverImpl.java,734.264G,85.132M
BAMMediationStatisticsObserver.java,2.287T,85.132M
CassandraAxis2ConfigurationContextObserver.java,275.956G,85.132M
ConfigurationContextObserverImpl.java,1.022T,85.132M
CSGAgentObserver.java,56.485G,85.132M
CSGAgentObserverImpl.java,677.782G,85.132M
CSGServiceObserver.java,1.102T,85.132M
DeploymentSyncAxis2ConfigurationContextObserver.java,622.915G,85.132M
DiscoveryAxis2ConfigurationContextObserver.java,651.962G,85.132M
DiscoveryProxyObserver.java,1.504T,85.132M
DSAxis2ConfigurationContextObserver.java,408.285G,85.132M
EventAxis2ConfigurationContextObserver.java,706.830G,85.132M
HiveAxis2ConfigObserver.java,1.444T,85.132M
JAXWSAxis2ConfigurationObserver.java,440.560G,85.132M
JMXObserver.java,1.957T,85.132M
MediationStatisticsObserver.java,72.623G,85.132M
MediationStatsAxis2ConfigurationContextObserver.java,681.010G,85.132M
MessageStoreObserver.java,51.644G,85.132M
Observers.java,369.554G,85.132M
PaypalNVPProxy.java,1.013T,85.132M
PaypalSOAPProxy.java,911.777G,85.132M
PDPProxy.java,4.646T,85.132M
PersistingStatisticsObserver.java,1.635T,85.132M
ProxyServiceParameterObserver.java,614.846G,85.132M
RestAPIObserver.java,174.290G,85.132M
RSSManagerAxis2ConfigContextObserver.java,835.931G,85.132M
SalesforceProxy.java,1.005T,85.132M
SalesforceProxyImpl.java,10.735T,85.132M
SecurityAxis2ConfigurationContextObserver.java,427.650G,85.132M
ServiceStatisticsAxis2ConfigurationContextObserver.java,663.258G,85.132M
StatisticsAxis2ConfigurationContextObserver.java,630.983G,85.132M
STSObserver.java,884.343G,85.132M
SynapseObserver.java,453.470G,85.132M
TargetServiceObserver.java,1.599T,85.132M
TaskAxis2ConfigurationContextObserver.java,527.703G,85.132M
ThrottlingAxis2ConfigurationContextObserver.java,450.242G,85.132M
TransactionManagerAxis2ConfigurationContextObserver.java,227.544G,85.132M
AnimatorListenerAdapter.java,230.771G,85.132M
Singleton.java,183.972G,85.132M
SyncStatusObserver.java,35.506G,85.132M
CursorProxy.java,2.632T,85.132M
FactorySingleton.java,1.094T,85.132M
IterableProxy.java,622.915G,85.132M
IterLogProxy.java,1.197T,85.132M
IterProxy.java,309.845G,85.132M
ListProxy.java,2.742T,85.132M
NoSqlProxy.java,88.760G,85.132M
NoSqlProxyImpl.java,2.316T,85.132M
FacadeSector.java,895.640G,85.132M
Memento.java,211.406G,85.132M
MementoManagerCommand.java,621.301G,85.132M
MementoTransaction.java,316.300G,85.132M
BaseDataPrototype.java,2.456T,85.132M
GridPrototype.java,193.655G,85.132M
AccessControl.java,287.253G,85.132M
AccessControlProvider.java,405.057G,85.132M
ImmutableExample.java,287.253G,85.132M
IntelligentStudent.java,380.851G,85.132M
Main.java,335.665G,85.132M
Prototype.java,38.734G,85.132M
Student.java,435.719G,85.132M
StudentRegistry.java,167.835G,85.132M
TestPrototypePattern.java,453.470G,85.132M
User.java,832.703G,85.132M
Vehicle.java,356.644G,85.132M
Livre.java,321.142G,85.132M
amp.java,472.835G,85.132M
BuilderProxy.java,472.835G,85.132M
BuilderProxyClient.java,1.451T,85.132M
BuildersProxy.java,472.835G,85.132M
Copie.java,338.893G,85.132M
CoreP.java,1.046T,85.132M
CoreProxy.java,1.046T,85.132M
CoreProxyClient.java,2.272T,85.132M
EnergyProxy.java,485.745G,85.132M
EnergyProxyC.java,201.724G,85.132M
EnergyProxyClient.java,201.724G,85.132M
FactoryProxy.java,295.322G,85.132M
FactoryProxyClient.java,1.012T,85.132M
SiliconProxy.java,200.110G,85.132M
SiliconProxyClient.java,338.893G,85.132M
Transport.java,708.444G,85.132M
TransportProxy.java,708.444G,85.132M
TransportProxyClient.java,538.999G,85.132M
xttt.java,1.451T,85.132M
DialogMemento.java,1.249T,85.132M
EmSingleton.java,348.576G,85.132M
SoloSingleton.java,233.999G,85.132M
Memento.java,777.835G,85.132M
PrototypeRequest.java,916.619G,85.132M
PrototypeWrapper.java,1.023T,85.132M
MMacroCreatorPrototype.java,829.476G,85.132M
MParamPrototype.java,497.041G,85.132M
MParamRefPrototype.java,505.110G,85.132M
BSeriesKeyCodeSenderFactory.java,356.644G,85.132M
CSeriesKeyCodeSenderFactory.java,1.020T,85.132M
SenderFactory.java,403.443G,85.132M
ElementProxy.java,4.448T,85.132M
SecurityTokenFactory.java,672.941G,85.132M
SignatureAlgorithmFactory.java,516.406G,85.132M
SignatureElementProxy.java,301.777G,85.132M
SimpleLogEventFilterMemento.java,743.946G,85.132M
aab.java,438.946G,85.132M
ambs.java,91.988G,85.132M
ASingd.java,132.332G,85.132M
Azeett.java,90.374G,85.132M
Azer.java,67.782G,85.132M
CAAr.java,222.702G,85.132M
Tesising.java,330.824G,85.132M
a.java,67.782G,85.132M
b.java,91.988G,85.132M
c.java,93.602G,85.132M
d.java,132.332G,85.132M
e.java,90.374G,85.132M
f.java,222.702G,85.132M
livre.java,438.946G,85.132M
Singleton.java,330.824G,85.132M
AbstractDecoratorMapper.java,356.644G,85.132M
ActivitiesStackSingleton.java,705.216G,85.132M
ImageCacheSoftRefSingleton.java,1.167T,85.132M
SmartBIPrototype.java,495.428G,85.132M
MessageObserver.java,167.835G,85.132M
StatisticsObserver.java,119.422G,85.132M
aab.java,438.946G,85.132M
ambs.java,91.988G,85.132M
ASingd.java,132.332G,85.132M
Azeett.java,90.374G,85.132M
Azer.java,67.782G,85.132M
CAAr.java,222.702G,85.132M
EditorViewFactory.java,30.665G,85.132M
EmptyPanelBuilder.java,701.989G,85.132M
InspectorFactory.java,30.665G,85.132M
ResponseEditorViewFactory.java,142.014G,85.132M
ResponseInspectorFactory.java,137.173G,85.132M
RestMethodPanelBuilder.java,455.084G,85.132M
RestRequestPanelBuilder.java,1.162T,85.132M
RestServiceFactory.java,364.713G,85.132M
Tesising.java,330.824G,85.132M
TransactionExceptionObserver.java,251.750G,85.132M
1.java,873.047G,85.132M
2.java,571.274G,85.132M
3.java,598.708G,85.132M
4.java,624.528G,85.132M
a.java,944.052G,85.132M
ApiUsageDetectingAsmVisitor.java,3.176T,85.132M
b.java,706.830G,85.132M
c.java,679.396G,85.132M
d.java,584.184G,85.132M
DelegatingAnnotationVisitor.java,1.031T,85.132M
DelegatingClassVisitor.java,1.961T,85.132M
DelegatingFieldVisitor.java,842.386G,85.132M
DelegatingMethodVisitor.java,2.990T,85.132M
e.java,566.433G,85.132M
EjbDetectingClassVisitor.java,2.108T,85.132M
f.java,498.655G,85.132M
g.java,748.788G,85.132M
H.java,763.311G,85.132M
model.java,411.512G,85.132M
myprac.java,790.745G,85.132M
Prac.java,559.978G,85.132M
Pract.java,661.645G,85.132M
Practi.java,635.825G,85.132M
practical.java,998.920G,85.132M
Practt.java,576.116G,85.132M
Practtt.java,810.110G,85.132M
ResultGatheringAnnotationVisitor.java,62.940G,85.132M
ResultGatheringClassVisitor.java,64.554G,85.132M
ResultGatheringClassVisitorFactory.java,41.961G,85.132M
ResultGatheringFieldVisitor.java,62.940G,85.132M
ResultGatheringMethodVisitor.java,62.940G,85.132M
StubResultGatheringMethodVisitor.java,842.386G,85.132M
Test.java,545.454G,85.132M
ItemReaderAdapter.java,138.787G,85.132M
ItemWriterAdapter.java,175.903G,85.132M
ApiUsageDetectingAsmVisitor.java,3.176T,85.132M
DelegatingAnnotationVisitor.java,1.031T,85.132M
DelegatingClassVisitor.java,1.961T,85.132M
DelegatingFieldVisitor.java,842.386G,85.132M
DelegatingMethodVisitor.java,2.990T,85.132M
EjbDetectingClassVisitor.java,2.108T,85.132M
ResultGatheringAnnotationVisitor.java,62.940G,85.132M
ResultGatheringClassVisitor.java,64.554G,85.132M
ResultGatheringClassVisitorFactory.java,41.961G,85.132M
ResultGatheringFieldVisitor.java,62.940G,85.132M
ResultGatheringMethodVisitor.java,62.940G,85.132M
StubResultGatheringMethodVisitor.java,842.386G,85.132M
PlacePrototype.java,411.512G,85.132M
StringTemplateDecoratorServlet.java,2.006T,85.132M
SingletonRandomFactory.java,242.068G,85.132M
aab.java,438.946G,85.132M
ambs.java,91.988G,85.132M
ASingd.java,132.332G,85.132M
ASingletonPar.java,93.602G,85.132M
AstAndTokenVisitor.java,40.348G,85.132M
Azeett.java,90.374G,85.132M
Azer.java,67.782G,85.132M
CAAr.java,222.702G,85.132M
Tesising.java,330.824G,85.132M
aaaa.java,1.009T,85.132M
abc.java,658.417G,85.132M
Actions.java,1.002T,85.132M
Authentification.java,467.994G,85.132M
BMWSound.java,62.940G,85.132M
Booking.java,487.359G,85.132M
BowAndArrow.java,279.184G,85.132M
Car.java,592.253G,85.132M
Cars.java,143.628G,85.132M
CiscoImpl.java,124.263G,85.132M
CiscoWeatherInfo.java,61.327G,85.132M
Compress.java,411.512G,85.132M
Compression.java,254.978G,85.132M
Computer.java,593.867G,85.132M
CreditCard.java,87.147G,85.132M
Databaseselect.java,372.782G,85.132M
Disc.java,280.798G,85.132M
Discount.java,519.634G,85.132M
DlinkImpl.java,125.877G,85.132M
DlinkWeatherFinder.java,58.099G,85.132M
DrawsStrategy.java,343.734G,85.132M
Duck.java,314.687G,85.132M
DynamicPricing.java,484.131G,85.132M
EditingFiles.java,416.353G,85.132M
ExecuteStrategy.java,174.290G,85.132M
Export.java,421.195G,85.132M
Filter.java,440.560G,85.132M
FindPath.java,724.581G,85.132M
Game.java,219.475G,85.132M
GetWeatherServlet.java,403.443G,85.132M
ISound.java,25.824G,85.132M
java.java,548.682G,85.132M
Logging.java,403.443G,85.132M
MainApp.java,208.179G,85.132M
MediaPlayer.java,393.761G,85.132M
NotifyMe.java,417.967G,85.132M
OCompiler.java,437.332G,85.132M
Pay.java,408.285G,85.132M
PaymentByCreditCard.java,279.184G,85.132M
PaymentByPayPal.java,248.523G,85.132M
PaymentService.java,216.247G,85.132M
PaymentStrategy.java,53.258G,85.132M
Robot.java,469.607G,85.132M
Serialization.java,258.205G,85.132M
Server.java,800.428G,85.132M
Sort.java,400.216G,85.132M
Storage.java,421.195G,85.132M
Strategy.java,29.051G,85.132M
StrategyA.java,95.215G,85.132M
StrategyB.java,88.760G,85.132M
Sword.java,171.062G,85.132M
TestCar.java,647.121G,85.132M
Text.java,237.226G,85.132M
threads.java,681.010G,85.132M
Unique.java,287.253G,85.132M
Weapon.java,38.734G,85.132M
WeatherInfo.java,37.120G,85.132M
ExecutionObserver.java,90.374G,85.132M
IMemento.java,358.258G,85.132M
XMLMemento.java,5.827T,85.132M
XMLMemento.java,6.578T,85.132M
PrototypeBrickAdapter.java,540.613G,85.132M
GroupModelObserver.java,48.416G,85.132M
MainModelObserver.java,50.030G,85.132M
UserModelObserver.java,56.485G,85.132M
AbstractFacade.java,716.512G,85.132M
AufgabeFacade.java,253.364G,85.132M
BenutzerFacade.java,245.295G,85.132M
KommentarFacade.java,245.295G,85.132M
ProjektFacade.java,245.295G,85.132M
TeamleiterFacade.java,237.226G,85.132M
BootStrapValidationDecorator.java,656.803G,85.132M
EnvironmentBindingFactory.java,682.624G,85.132M
SessionBindingFactory.java,663.258G,85.132M
CoreMatcherFactory.java,547.068G,85.132M
CustomDiagramActionAdapter.java,5.624T,85.132M
MappingLabelDecorator.java,1.914T,85.132M
VdbModelBuilder.java,8.791T,85.132M
Abs1.java,706.660G,85.132M
Abs10.java,662.494G,85.132M
Abs11.java,704.962G,85.132M
Abs12.java,744.032G,85.132M
Abs13.java,686.276G,85.132M
Abs2.java,662.494G,85.132M
Abs3.java,704.962G,85.132M
Abs4.java,744.032G,85.132M
Abs5.java,686.276G,85.132M
Abs6.java,842.556G,85.132M
Abs7.java,806.883G,85.132M
Abs8.java,710.058G,85.132M
Abs9.java,706.660G,85.132M
Auth.java,470.542G,85.132M
Curr.java,428.075G,85.132M
Integration.java,324.454G,85.132M
Legacy.java,300.673G,85.132M
Logging.java,341.441G,85.132M
Music.java,448.459G,85.132M
Read.java,417.882G,85.132M
Rectangle.java,382.210G,85.132M
Square.java,395.799G,85.132M
Temperature.java,570.765G,85.132M
USB.java,395.799G,85.132M
WebServi.java,377.114G,85.132M
Nc4prototypes.java,12.730T,85.132M
EjbFactory.java,1.225T,85.132M
ResourceFactory.java,1.362T,85.132M
FactoryPattern.java,589.450G,85.132M
LazySingleton.java,130.803G,85.132M
PreferencesObserver.java,66.253G,85.132M
Singleton.java,1.097T,85.132M
Visitor.java,37.375G,85.132M
UdigMemento.java,3.812T,85.132M
EventObserver.java,59.458G,85.132M
Observer.java,40.773G,85.132M
ObserverBuilder.java,796.691G,85.132M
Vis.java,1.174T,85.132M
Voiture.java,1.085T,85.132M
Character.java,679.481G,85.132M
Colne.java,611.533G,85.132M
Copy.java,389.005G,85.132M
doc.java,682.879G,85.132M
Document.java,582.656G,85.132M
Element.java,501.118G,85.132M
Email.java,1.058T,85.132M
Func.java,711.756G,85.132M
Prototype.java,737.237G,85.132M
SingletonSolrAware.java,1.242T,85.132M
ArchivalUrlResultURIConverterFactory.java,224.231G,85.132M
ARCRecordingProxy.java,1.272T,85.132M
ARCUnwrappingProxy.java,1.597T,85.132M
MementoReplayRendererDecorator.java,3.491T,85.132M
ParseEventDelegatorVisitor.java,44.170G,85.132M
QueryCaptureFilterGroupFactory.java,220.834G,85.132M
ReplayParseEventDelegatorVisitor.java,49.266G,85.132M
ReplayRendererDecorator.java,596.245G,85.132M
ReplayRendererDecoratorFactory.java,64.554G,85.132M
EventListCursorAdapter.java,2.453T,85.132M
PeopleCursorAdapter.java,1.417T,85.132M
EOPrototypeListContentProvider.java,820.473G,85.132M
EOPrototypeListLabelProvider.java,499.420G,85.132M
ERPrototypes.java,176.668G,85.132M
a.java,1.228T,85.132M
b.java,399.197G,85.132M
c.java,334.646G,85.132M
d.java,249.712G,85.132M
e.java,366.922G,85.132M
f.java,215.738G,85.132M
g.java,373.716G,85.132M
Prototype.java,1.014T,85.132M
Singleton.java,127.406G,85.132M
AbstractPDPProxy.java,445.062G,85.132M
AbstractSynapseObserver.java,1.636T,85.132M
ActivityMediationStatisticsObserver.java,567.367G,85.132M
Axis2ConfigurationContextObserverImpl.java,772.909G,85.132M
BAMMediationStatisticsObserver.java,2.407T,85.132M
CassandraAxis2ConfigurationContextObserver.java,290.480G,85.132M
ConfigurationContextObserverImpl.java,1.075T,85.132M
CSGAgentObserver.java,59.458G,85.132M
CSGAgentObserverImpl.java,713.455G,85.132M
CSGServiceObserver.java,1.160T,85.132M
DeploymentSyncAxis2ConfigurationContextObserver.java,655.699G,85.132M
DiscoveryAxis2ConfigurationContextObserver.java,686.276G,85.132M
DiscoveryProxyObserver.java,1.583T,85.132M
DSAxis2ConfigurationContextObserver.java,429.773G,85.132M
EventAxis2ConfigurationContextObserver.java,744.032G,85.132M
HiveAxis2ConfigObserver.java,1.520T,85.132M
JAXWSAxis2ConfigurationObserver.java,463.747G,85.132M
JMXObserver.java,2.061T,85.132M
MediationStatisticsObserver.java,76.445G,85.132M
MediationStatsAxis2ConfigurationContextObserver.java,716.852G,85.132M
MessageStoreObserver.java,54.362G,85.132M
Observers.java,389.005G,85.132M
PaypalNVPProxy.java,1.067T,85.132M
PaypalSOAPProxy.java,959.766G,85.132M
PDPProxy.java,4.891T,85.132M
PersistingStatisticsObserver.java,1.721T,85.132M
ProxyServiceParameterObserver.java,647.206G,85.132M
RestAPIObserver.java,183.463G,85.132M
RSSManagerAxis2ConfigContextObserver.java,879.927G,85.132M
SalesforceProxy.java,1.058T,85.132M
SalesforceProxyImpl.java,11.300T,85.132M
SecurityAxis2ConfigurationContextObserver.java,450.158G,85.132M
ServiceStatisticsAxis2ConfigurationContextObserver.java,698.167G,85.132M
StatisticsAxis2ConfigurationContextObserver.java,664.193G,85.132M
STSObserver.java,930.888G,85.132M
SynapseObserver.java,477.337G,85.132M
TargetServiceObserver.java,1.683T,85.132M
TaskAxis2ConfigurationContextObserver.java,555.477G,85.132M
ThrottlingAxis2ConfigurationContextObserver.java,473.939G,85.132M
TransactionManagerAxis2ConfigurationContextObserver.java,239.520G,85.132M
1.java,455.254G,85.132M
2.java,783.101G,85.132M
3.java,462.048G,85.132M
4.java,326.153G,85.132M
5.java,552.079G,85.132M
6.java,496.022G,85.132M
7.java,482.433G,85.132M
a.java,742.333G,85.132M
abs.java,711.756G,85.132M
b.java,1.554T,85.132M
c.java,1.002T,85.132M
Character.java,679.481G,85.132M
Colne.java,611.533G,85.132M
Copy.java,389.005G,85.132M
doc.java,682.879G,85.132M
Document.java,582.656G,85.132M
Element.java,501.118G,85.132M
Email.java,1.058T,85.132M
Func.java,711.756G,85.132M
GUII.java,745.730G,85.132M
Prototype.java,737.237G,85.132M
SingletonSolrAware.java,1.242T,85.132M
v.java,793.294G,85.132M
w.java,823.870G,85.132M
x.java,930.888G,85.132M
AbstractFactory.java,1.869G,85.132M
DPAbstractFactory.java,5.776G,85.132M
FactoryNotebookGamer.java,3.567G,85.132M
FactoryNotebookOfficeW.java,3.567G,85.132M
FactoryProvider.java,7.135G,85.132M
Notebook.java,1.444G,85.132M
NotebookGamer.java,3.992G,85.132M
NotebookOfficeW.java,4.162G,85.132M
Annotation.java,14.354G,85.132M
AnnotationOption.java,9.003G,85.132M
BestMatchResponse.java,9.258G,85.132M
Category.java,18.601G,85.132M
CreateResponse.java,10.022G,85.132M
DeleteResponse.java,4.841G,85.132M
GeocoderRequest.java,32.360G,85.132M
GeocoderResponse.java,12.571G,85.132M
Posting.java,103.281G,85.132M
PostingHistory.java,16.308G,85.132M
SearchRequest.java,113.898G,85.132M
SearchResponse.java,20.979G,85.132M
Source.java,22.508G,85.132M
SummaryRequest.java,15.119G,85.132M
SummaryResponse.java,12.061G,85.132M
UpdateResponse.java,4.841G,85.132M
Utils.java,11.466G,85.132M
Animal.java,31.341G,85.132M
Car.java,89.182G,85.132M
Computer.java,65.655G,85.132M
